owner,name,secret
16778240,16779263,Australia
16779264,16781311,China
16781312,16785407,Japan
16778240,16779263,China
16778240,1677921263,3ww43125a1123
16778240,1677921263,3ww43125a1123
16778240,1677921263,3ww43125a1123
16778240,1677921263,3ww43125a1123
16778240,1677921263,3ww43125a1123
16778240,1677921263,3ww43125a1123
16778240,1677921263,3ww43125a1123
16778240,1677921263,3ww43125a1123
16778240,1677921263,3ww43125a1123
16778240,1677921263,3ww23243125a1123
16778240,1677921263,3ww23243125a1123
16778240,1677921263,3wwqwe23243125a1123
16778240,1677921263,3wwqwe23243125a1123
16778240,1677921263,3wwqwe23243125a1123
16778240,1677921263,3wwqwe23243125a1123
726342,134234,23424
726342,134234,23424
726342,134234,23424
726342,134234,23424
726342,134234,23424ertrf
726342,134234,23424ertrf
726342,134234,23424ertrf
726342,134234,23424ertrf
726342,23134234,23424ertrf
726342,23134234,23424ertrf
726342,23134234,23424ertrf
16778240,123123,123123
16778240,123123,123123
16778240,123123,123123
16778240,123123,123123
16778240,123123,123123
16778240,123123,123123
16778240,123123,123123
